ParseTime;AttentionCount;BatteryLevel;PoorSignalQuality;HeartRate;ESenseAttention;ESenseMeditation;PacketContext;RawWaveValue8bit;RawWaveMarker;RawWaveValue16bit;PrintervalMs
16.06.2021 12:58:50:127;0;0;0;0;53;0;0 Анкета.txt;0;0;0;0
16.06.2021 12:58:51:904;1;0;0;0;91;0;0 Анкета.txt;0;0;0;0
16.06.2021 12:58:55:946;2;0;0;0;100;0;0 Анкета.txt;0;0;0;0
16.06.2021 12:58:58:910;3;0;0;0;83;0;0 Анкета.txt;0;0;0;0
16.06.2021 12:59:00:955;4;0;0;0;83;0;0 Анкета.txt;0;0;0;0
16.06.2021 12:59:02:903;5;0;0;0;77;0;0 Анкета.txt;0;0;0;0
16.06.2021 12:59:03:927;6;0;0;0;64;0;0 Анкета.txt;0;0;0;0
16.06.2021 12:59:09:873;7;0;0;0;75;0;0 Анкета.txt;0;0;0;0
16.06.2021 12:59:11:824;8;0;0;0;70;0;0 Анкета.txt;0;0;0;0
16.06.2021 12:59:16:834;9;0;0;0;80;0;0 Анкета.txt;0;0;0;0
16.06.2021 12:59:17:859;10;0;0;0;93;0;0 Анкета.txt;0;0;0;0
16.06.2021 12:59:18:794;11;0;0;0;69;0;0 Анкета.txt;0;0;0;0
16.06.2021 12:59:21:845;12;0;0;0;24;0;0 Анкета.txt;0;0;0;0
16.06.2021 12:59:24:819;13;0;0;0;63;0;0 Анкета.txt;0;0;0;0
16.06.2021 12:59:27:793;14;0;0;0;57;0;0 Анкета.txt;0;0;0;0
16.06.2021 12:59:32:803;15;0;0;0;70;0;0 Анкета.txt;0;0;0;0
16.06.2021 12:59:34:755;16;0;0;0;93;0;0 Анкета.txt;0;0;0;0
16.06.2021 12:59:39:769;17;0;0;0;94;0;0 Анкета.txt;0;0;0;0
16.06.2021 12:59:41:718;18;0;0;0;78;0;0 Анкета.txt;0;0;0;0
16.06.2021 12:59:42:740;19;0;0;0;78;0;0 Анкета.txt;0;0;0;0
16.06.2021 12:59:50:720;20;0;0;0;63;0;0 Анкета.txt;0;0;0;0
16.06.2021 12:59:52:678;21;0;0;0;60;0;0 Анкета.txt;0;0;0;0
16.06.2021 12:59:55:647;22;0;0;0;74;0;0 Анкета.txt;0;0;0;0
16.06.2021 13:00:04:650;23;0;0;0;4;0;0 Анкета.txt;0;0;0;0
16.06.2021 13:00:09:578;24;0;0;0;60;0;1 Методика Пьерона-Рузена.txt;0;0;0;0
16.06.2021 13:00:11:615;25;0;0;0;83;0;1 Методика Пьерона-Рузена.txt;0;0;0;0
16.06.2021 13:00:13:567;26;0;0;0;56;0;1 Методика Пьерона-Рузена.txt;0;0;0;0
16.06.2021 13:00:18:579;27;0;0;0;41;0;1 Методика Пьерона-Рузена.txt;0;0;0;0
16.06.2021 13:00:20:531;28;0;0;0;56;0;1 Методика Пьерона-Рузена.txt;0;0;0;0
16.06.2021 13:00:24:525;29;0;0;0;51;0;1 Методика Пьерона-Рузена.txt;0;0;0;0
16.06.2021 13:00:29:537;30;0;0;0;37;0;1 Методика Пьерона-Рузена.txt;0;0;0;0
16.06.2021 13:00:34:462;31;0;0;0;51;0;1 Методика Пьерона-Рузена.txt;0;0;0;0
16.06.2021 13:00:36:505;32;0;0;0;66;0;1 Методика Пьерона-Рузена.txt;0;0;0;0
16.06.2021 13:00:38:455;33;0;0;0;87;0;1 Методика Пьерона-Рузена.txt;0;0;0;0
16.06.2021 13:00:39:474;34;0;0;0;74;0;1 Методика Пьерона-Рузена.txt;0;0;0;0
16.06.2021 13:00:45:419;35;0;0;0;54;0;1 Методика Пьерона-Рузена.txt;0;0;0;0
16.06.2021 13:00:47:455;36;0;0;0;61;0;1 Методика Пьерона-Рузена.txt;0;0;0;0
16.06.2021 13:00:50:430;37;0;0;0;66;0;1 Методика Пьерона-Рузена.txt;0;0;0;0
16.06.2021 13:00:56:372;38;0;0;0;60;0;1 Методика Пьерона-Рузена.txt;0;0;0;0
16.06.2021 13:01:06:323;39;0;0;0;54;0;2 Корректурная проба Бурдона.txt;0;0;0;0
16.06.2021 13:01:08:350;40;0;0;0;53;0;2 Корректурная проба Бурдона.txt;0;0;0;0
16.06.2021 13:01:13:357;41;0;0;0;74;0;2 Корректурная проба Бурдона.txt;0;0;0;0
16.06.2021 13:01:18:287;42;0;0;0;87;0;2 Корректурная проба Бурдона.txt;0;0;0;0
16.06.2021 13:01:24:315;43;0;0;0;50;0;2 Корректурная проба Бурдона.txt;0;0;0;0
16.06.2021 13:01:26:269;44;0;0;0;51;0;2 Корректурная проба Бурдона.txt;0;0;0;0
16.06.2021 13:01:27:283;45;0;0;0;53;0;2 Корректурная проба Бурдона.txt;0;0;0;0
16.06.2021 13:01:31:280;46;0;0;0;43;0;2 Корректурная проба Бурдона.txt;0;0;0;0
16.06.2021 13:01:35:180;47;0;0;0;75;0;2 Корректурная проба Бурдона.txt;0;0;0;0
16.06.2021 13:01:41:215;48;0;0;0;40;0;2 Корректурная проба Бурдона.txt;0;0;0;0
16.06.2021 13:01:42:145;49;0;0;0;43;0;2 Корректурная проба Бурдона.txt;0;0;0;0
16.06.2021 13:01:44:186;50;0;0;0;56;0;2 Корректурная проба Бурдона.txt;0;0;0;0
16.06.2021 13:01:47:159;51;0;0;0;70;0;2 Корректурная проба Бурдона.txt;0;0;0;0
16.06.2021 13:01:48:180;52;0;0;0;54;0;2 Корректурная проба Бурдона.txt;0;0;0;0
16.06.2021 13:01:51:152;53;0;0;0;64;0;2 Корректурная проба Бурдона.txt;0;0;0;0
16.06.2021 13:01:56:76;54;0;0;0;38;0;2 Корректурная проба Бурдона.txt;0;0;0;0
16.06.2021 13:02:03:129;55;0;0;0;63;0;2 Корректурная проба Бурдона.txt;0;0;0;0
16.06.2021 13:02:05:74;56;0;0;0;63;0;2 Корректурная проба Бурдона.txt;0;0;0;0
16.06.2021 13:02:07:30;57;0;0;0;51;0;2 Корректурная проба Бурдона.txt;0;0;0;0
16.06.2021 13:02:12:44;58;0;0;0;74;0;2 Корректурная проба Бурдона.txt;0;0;0;0
16.06.2021 13:02:13:61;59;0;0;0;74;0;2 Корректурная проба Бурдона.txt;0;0;0;0
16.06.2021 13:02:16:30;60;0;0;0;81;0;2 Корректурная проба Бурдона.txt;0;0;0;0
16.06.2021 13:02:21:45;61;0;0;0;64;0;2 Корректурная проба Бурдона.txt;0;0;0;0
16.06.2021 13:02:23:1;62;0;0;0;69;0;2 Корректурная проба Бурдона.txt;0;0;0;0
16.06.2021 13:02:25:973;63;0;0;0;66;0;2 Корректурная проба Бурдона.txt;0;0;0;0
16.06.2021 13:02:26:991;64;0;0;0;64;0;2 Корректурная проба Бурдона.txt;0;0;0;0
16.06.2021 13:02:29:964;65;0;0;0;48;0;2 Корректурная проба Бурдона.txt;0;0;0;0
16.06.2021 13:02:30:986;66;0;0;0;35;0;2 Корректурная проба Бурдона.txt;0;0;0;0
16.06.2021 13:02:32:939;67;0;0;0;37;0;2 Корректурная проба Бурдона.txt;0;0;0;0
16.06.2021 13:02:38:881;68;0;0;0;60;0;3 САН.txt;0;0;0;0
16.06.2021 13:02:45:856;69;0;0;0;57;0;3 САН.txt;0;0;0;0
16.06.2021 13:02:47:878;70;0;0;0;40;0;3 САН.txt;0;0;0;0
16.06.2021 13:02:50:855;71;0;0;0;48;0;3 САН.txt;0;0;0;0
16.06.2021 13:02:51:871;72;0;0;0;51;0;3 САН.txt;0;0;0;0
16.06.2021 13:02:52:797;73;0;0;0;54;0;3 САН.txt;0;0;0;0
16.06.2021 13:02:54:814;74;0;0;0;54;0;3 САН.txt;0;0;0;0
16.06.2021 13:03:06:821;75;0;0;0;44;0;3 САН.txt;0;0;0;0
16.06.2021 13:03:08:772;76;0;0;0;40;0;3 САН.txt;0;0;0;0
16.06.2021 13:03:09:797;77;0;0;0;30;0;3 САН.txt;0;0;0;0
16.06.2021 13:03:13:791;78;0;0;0;35;0;3 САН.txt;0;0;0;0
16.06.2021 13:03:16:752;79;0;0;0;63;0;3 САН.txt;0;0;0;0
16.06.2021 13:03:20:749;80;0;0;0;69;0;3 САН.txt;0;0;0;0
16.06.2021 13:03:22:702;81;0;0;0;63;0;3 САН.txt;0;0;0;0
16.06.2021 13:03:23:721;82;0;0;0;66;0;3 САН.txt;0;0;0;0
16.06.2021 13:03:24:745;83;0;0;0;60;0;3 САН.txt;0;0;0;0
16.06.2021 13:03:26:695;84;0;0;0;54;0;3 САН.txt;0;0;0;0
16.06.2021 13:03:29:670;85;0;0;0;43;0;3 САН.txt;0;0;0;0
16.06.2021 13:03:31:708;86;0;0;0;44;0;3 САН.txt;0;0;0;0
16.06.2021 13:03:34:682;87;0;0;0;69;0;3 САН.txt;0;0;0;0
16.06.2021 13:03:36:633;88;0;0;0;69;0;3 САН.txt;0;0;0;0
16.06.2021 13:03:50:574;89;0;0;0;47;0;3 САН.txt;0;0;0;0
16.06.2021 13:03:54:552;90;0;0;0;57;0;3 САН.txt;0;0;0;0
16.06.2021 13:03:59:562;91;0;0;0;75;0;3 САН.txt;0;0;0;0
16.06.2021 13:04:03:482;92;0;0;0;48;0;3 САН.txt;0;0;0;0
16.06.2021 13:04:07:555;93;0;0;0;44;0;3 САН.txt;0;0;0;0
16.06.2021 13:04:08:481;94;0;0;0;29;0;3 САН.txt;0;0;0;0
16.06.2021 13:04:10:513;95;0;0;0;38;0;3 САН.txt;0;0;0;0
16.06.2021 13:04:14:513;96;0;0;0;51;0;3 САН.txt;0;0;0;0
16.06.2021 13:04:19:431;97;0;0;0;61;0;3 САН.txt;0;0;0;0
16.06.2021 13:04:28:439;98;0;0;0;35;0;3 САН.txt;0;0;0;0
16.06.2021 13:04:30:394;99;0;0;0;48;0;3 САН.txt;0;0;0;0
16.06.2021 13:04:31:408;100;0;0;0;35;0;3 САН.txt;0;0;0;0
16.06.2021 13:04:38:379;101;0;0;0;23;0;3 САН.txt;0;0;0;0
16.06.2021 13:04:40:413;102;0;0;0;44;0;3 САН.txt;0;0;0;0
16.06.2021 13:04:42:367;103;0;0;0;56;0;3 САН.txt;0;0;0;0
16.06.2021 13:04:49:329;104;0;0;0;48;0;3 САН.txt;0;0;0;0
16.06.2021 13:04:53:321;105;0;0;0;61;0;3 САН.txt;0;0;0;0
16.06.2021 13:05:00:289;106;0;0;0;43;0;3 САН.txt;0;0;0;0
16.06.2021 13:05:02:244;107;0;0;0;26;0;3 САН.txt;0;0;0;0
16.06.2021 13:05:05:297;108;0;0;0;13;0;3 САН.txt;0;0;0;0
16.06.2021 13:05:07:250;109;0;0;0;16;0;3 САН.txt;0;0;0;0
16.06.2021 13:05:11:240;110;0;0;0;35;0;3 САН.txt;0;0;0;0
16.06.2021 13:05:15:239;111;0;0;0;43;0;3 САН.txt;0;0;0;0
16.06.2021 13:05:18:204;112;0;0;0;35;0;3 САН.txt;0;0;0;0
16.06.2021 13:05:20:161;113;0;0;0;38;0;3 САН.txt;0;0;0;0
16.06.2021 13:05:21:180;114;0;0;0;20;0;3 САН.txt;0;0;0;0
16.06.2021 13:05:23:134;115;0;0;0;26;0;3 САН.txt;0;0;0;0
16.06.2021 13:05:25:169;116;0;0;0;21;0;3 САН.txt;0;0;0;0
16.06.2021 13:05:28:135;117;0;0;0;27;0;3 САН.txt;0;0;0;0
16.06.2021 13:05:34:105;118;0;0;0;38;0;3 САН.txt;0;0;0;0
16.06.2021 13:05:35:113;119;0;0;0;7;0;3 САН.txt;0;0;0;0
16.06.2021 13:05:39:94;120;0;0;0;38;0;3 САН.txt;0;0;0;0
16.06.2021 13:05:43:89;121;0;0;0;37;0;3 САН.txt;0;0;0;0
16.06.2021 13:05:46:64;122;0;0;0;35;0;3 САН.txt;0;0;0;0
16.06.2021 13:05:50:53;123;0;0;0;21;0;3 САН.txt;0;0;0;0
16.06.2021 13:06:05:940;124;0;0;0;8;0;4 Релакс комната.txt;0;0;0;0
16.06.2021 13:06:09:928;125;0;0;0;13;0;4 Релакс комната.txt;0;0;0;0
16.06.2021 13:06:11:970;126;0;0;0;14;0;4 Релакс комната.txt;0;0;0;0
16.06.2021 13:06:19:953;127;0;0;0;1;0;4 Релакс комната.txt;0;0;0;0
16.06.2021 13:06:21:899;128;0;0;0;1;0;4 Релакс комната.txt;0;0;0;0
16.06.2021 13:06:26:914;129;0;0;0;3;0;4 Релакс комната.txt;0;0;0;0
16.06.2021 13:06:28:872;130;0;0;0;1;0;4 Релакс комната.txt;0;0;0;0
16.06.2021 13:06:29:888;131;0;0;0;1;0;4 Релакс комната.txt;0;0;0;0
16.06.2021 13:06:33:881;132;0;0;0;13;0;4 Релакс комната.txt;0;0;0;0
16.06.2021 13:06:36:852;133;0;0;0;50;0;4 Релакс комната.txt;0;0;0;0
16.06.2021 13:06:38:805;134;0;0;0;41;0;4 Релакс комната.txt;0;0;0;0
16.06.2021 13:06:42:797;135;0;0;0;57;0;4 Релакс комната.txt;0;0;0;0
16.06.2021 13:06:45:766;136;0;0;0;35;0;4 Релакс комната.txt;0;0;0;0
16.06.2021 13:06:47:807;137;0;0;0;37;0;4 Релакс комната.txt;0;0;0;0
16.06.2021 13:06:49:755;138;0;0;0;38;0;4 Релакс комната.txt;0;0;0;0
16.06.2021 13:06:50:776;139;0;0;0;43;0;4 Релакс комната.txt;0;0;0;0
16.06.2021 13:06:53:754;140;0;0;0;63;0;4 Релакс комната.txt;0;0;0;0
16.06.2021 13:06:57:741;141;0;0;0;30;0;4 Релакс комната.txt;0;0;0;0
16.06.2021 13:07:09:635;142;0;0;0;44;0;4 Релакс комната.txt;0;0;0;0
16.06.2021 13:07:12:696;143;0;0;0;53;0;4 Релакс комната.txt;0;0;0;0
16.06.2021 13:07:15:663;144;0;0;0;48;0;4 Релакс комната.txt;0;0;0;0
16.06.2021 13:07:18:636;145;0;0;0;30;0;4 Релакс комната.txt;0;0;0;0
16.06.2021 13:07:19:661;146;0;0;0;34;0;4 Релакс комната.txt;0;0;0;0
16.06.2021 13:07:23:652;147;0;0;0;34;0;4 Релакс комната.txt;0;0;0;0
16.06.2021 13:07:30:613;148;0;0;0;57;0;4 Релакс комната.txt;0;0;0;0
16.06.2021 13:07:37:576;149;0;0;0;34;0;4 Релакс комната.txt;0;0;0;0
16.06.2021 13:07:39:518;150;0;0;0;43;0;4 Релакс комната.txt;0;0;0;0
16.06.2021 13:07:40:548;151;0;0;0;44;0;4 Релакс комната.txt;0;0;0;0
16.06.2021 13:07:53:452;152;0;0;0;27;0;4 Релакс комната.txt;0;0;0;0
16.06.2021 13:07:55:496;153;0;0;0;21;0;4 Релакс комната.txt;0;0;0;0
16.06.2021 13:08:02:456;154;0;0;0;34;0;4 Релакс комната.txt;0;0;0;0
16.06.2021 13:08:05:430;155;0;0;0;51;0;4 Релакс комната.txt;0;0;0;0
16.06.2021 13:08:13:416;156;0;0;0;40;0;4 Релакс комната.txt;0;0;0;0
16.06.2021 13:08:16:384;157;0;0;0;69;0;4 Релакс комната.txt;0;0;0;0
16.06.2021 13:08:18:342;158;0;0;0;57;0;4 Релакс комната.txt;0;0;0;0
16.06.2021 13:08:20:375;159;0;0;0;29;0;4 Релакс комната.txt;0;0;0;0
16.06.2021 13:08:23:352;160;0;0;0;44;0;4 Релакс комната.txt;0;0;0;0
16.06.2021 13:08:25:305;161;0;0;0;51;0;4 Релакс комната.txt;0;0;0;0
16.06.2021 13:08:27:342;162;0;0;0;44;0;4 Релакс комната.txt;0;0;0;0
16.06.2021 13:08:30:321;163;0;0;0;43;0;4 Релакс комната.txt;0;0;0;0
16.06.2021 13:08:32:274;164;0;0;0;56;0;4 Релакс комната.txt;0;0;0;0
16.06.2021 13:08:34:304;165;0;0;0;54;0;4 Релакс комната.txt;0;0;0;0
16.06.2021 13:08:37:279;166;0;0;0;56;0;4 Релакс комната.txt;0;0;0;0
16.06.2021 13:08:38:300;167;0;0;0;57;0;4 Релакс комната.txt;0;0;0;0
16.06.2021 13:08:39:244;168;0;0;0;54;0;4 Релакс комната.txt;0;0;0;0
16.06.2021 13:08:40:255;169;0;0;0;64;0;4 Релакс комната.txt;0;0;0;0
16.06.2021 13:08:43:221;170;0;0;0;48;0;4 Релакс комната.txt;0;0;0;0
16.06.2021 13:08:45:265;171;0;0;0;41;0;4 Релакс комната.txt;0;0;0;0
16.06.2021 13:08:48:233;172;0;0;0;47;0;4 Релакс комната.txt;0;0;0;0
16.06.2021 13:08:52:230;173;0;0;0;44;0;4 Релакс комната.txt;0;0;0;0
16.06.2021 13:08:58:174;174;0;0;0;60;0;4 Релакс комната.txt;0;0;0;0
16.06.2021 13:08:59:190;175;0;0;0;54;0;4 Релакс комната.txt;0;0;0;0
16.06.2021 13:09:03:185;176;0;0;0;29;0;4 Релакс комната.txt;0;0;0;0
16.06.2021 13:09:04:115;177;0;0;0;38;0;4 Релакс комната.txt;0;0;0;0
16.06.2021 13:09:06:154;178;0;0;0;24;0;4 Релакс комната.txt;0;0;0;0
16.06.2021 13:09:10:148;179;0;0;0;53;0;4 Релакс комната.txt;0;0;0;0
16.06.2021 13:09:14:144;180;0;0;0;54;0;4 Релакс комната.txt;0;0;0;0
16.06.2021 13:09:15:72;181;0;0;0;51;0;4 Релакс комната.txt;0;0;0;0
16.06.2021 13:09:17:114;182;0;0;0;53;0;4 Релакс комната.txt;0;0;0;0
16.06.2021 13:09:19:69;183;0;0;0;51;0;4 Релакс комната.txt;0;0;0;0
16.06.2021 13:09:20:84;184;0;0;0;48;0;4 Релакс комната.txt;0;0;0;0
16.06.2021 13:09:21:104;185;0;0;0;44;0;4 Релакс комната.txt;0;0;0;0
16.06.2021 13:09:22:50;186;0;0;0;53;0;4 Релакс комната.txt;0;0;0;0
16.06.2021 13:09:24:73;187;0;0;0;51;0;4 Релакс комната.txt;0;0;0;0
16.06.2021 13:09:26:34;188;0;0;0;38;0;4 Релакс комната.txt;0;0;0;0
16.06.2021 13:09:27:46;189;0;0;0;37;0;4 Релакс комната.txt;0;0;0;0
16.06.2021 13:09:31:42;190;0;0;0;70;0;4 Релакс комната.txt;0;0;0;0
16.06.2021 13:09:32:986;191;0;0;0;51;0;4 Релакс комната.txt;0;0;0;0
16.06.2021 13:09:39:23;192;0;0;0;66;0;4 Релакс комната.txt;0;0;0;0
16.06.2021 13:09:39:963;193;0;0;0;66;0;4 Релакс комната.txt;0;0;0;0
16.06.2021 13:09:44:962;194;0;0;0;66;0;4 Релакс комната.txt;0;0;0;0
16.06.2021 13:09:45:987;195;0;0;0;41;0;4 Релакс комната.txt;0;0;0;0
16.06.2021 13:09:48:958;196;0;0;0;34;0;4 Релакс комната.txt;0;0;0;0
16.06.2021 13:09:53:968;197;0;0;0;47;0;4 Релакс комната.txt;0;0;0;0
16.06.2021 13:09:55:922;198;0;0;0;29;0;4 Релакс комната.txt;0;0;0;0
16.06.2021 13:10:00:933;199;0;0;0;40;0;4 Релакс комната.txt;0;0;0;0
16.06.2021 13:10:02:891;200;0;0;0;27;0;4 Релакс комната.txt;0;0;0;0
16.06.2021 13:10:04:848;201;0;0;0;48;0;4 Релакс комната.txt;0;0;0;0
16.06.2021 13:10:09:847;202;0;0;0;57;0;4 Релакс комната.txt;0;0;0;0
16.06.2021 13:10:10:870;203;0;0;0;64;0;4 Релакс комната.txt;0;0;0;0
16.06.2021 13:10:13:837;204;0;0;0;75;0;4 Релакс комната.txt;0;0;0;0
16.06.2021 13:10:14:862;205;0;0;0;66;0;4 Релакс комната.txt;0;0;0;0
16.06.2021 13:10:20:803;206;0;0;0;29;0;4 Релакс комната.txt;0;0;0;0
16.06.2021 13:10:23:780;207;0;0;0;74;0;4 Релакс комната.txt;0;0;0;0
16.06.2021 13:10:35:752;208;0;0;0;78;0;4 Релакс комната.txt;0;0;0;0
16.06.2021 13:10:39:741;209;0;0;0;74;0;4 Релакс комната.txt;0;0;0;0
16.06.2021 13:10:41:698;210;0;0;0;56;0;4 Релакс комната.txt;0;0;0;0
16.06.2021 13:10:45:689;211;0;0;0;34;0;4 Релакс комната.txt;0;0;0;0
16.06.2021 13:10:46:707;212;0;0;0;40;0;4 Релакс комната.txt;0;0;0;0
16.06.2021 13:10:52:653;213;0;0;0;57;0;4 Релакс комната.txt;0;0;0;0
16.06.2021 13:10:53:673;214;0;0;0;50;0;4 Релакс комната.txt;0;0;0;0
16.06.2021 13:11:08:536;215;0;0;0;83;0;4 Релакс комната.txt;0;0;0;0
16.06.2021 13:11:20:511;216;0;0;0;67;0;4 Релакс комната.txt;0;0;0;0
16.06.2021 13:11:24:500;217;0;0;0;54;0;4 Релакс комната.txt;0;0;0;0
16.06.2021 13:11:25:521;218;0;0;0;61;0;4 Релакс комната.txt;0;0;0;0
16.06.2021 13:11:30:451;219;0;0;0;44;0;4 Релакс комната.txt;0;0;0;0
16.06.2021 13:11:36:476;220;0;0;0;53;0;4 Релакс комната.txt;0;0;0;0
16.06.2021 13:11:38:429;221;0;0;0;48;0;4 Релакс комната.txt;0;0;0;0
16.06.2021 13:11:39:450;222;0;0;0;56;0;4 Релакс комната.txt;0;0;0;0
16.06.2021 13:11:43:452;223;0;0;0;26;0;4 Релакс комната.txt;0;0;0;0
16.06.2021 13:11:45:398;224;0;0;0;48;0;4 Релакс комната.txt;0;0;0;0
16.06.2021 13:11:46:410;225;0;0;0;60;0;4 Релакс комната.txt;0;0;0;0
16.06.2021 13:11:54:400;226;0;0;0;54;0;4 Релакс комната.txt;0;0;0;0
16.06.2021 13:11:56:347;227;0;0;0;57;0;4 Релакс комната.txt;0;0;0;0
16.06.2021 13:12:01:361;228;0;0;0;78;0;4 Релакс комната.txt;0;0;0;0
16.06.2021 13:12:08:324;229;0;0;0;47;0;4 Релакс комната.txt;0;0;0;0
16.06.2021 13:12:12:322;230;0;0;0;51;0;4 Релакс комната.txt;0;0;0;0
16.06.2021 13:12:14:276;231;0;0;0;61;0;4 Релакс комната.txt;0;0;0;0
16.06.2021 13:12:15:287;232;0;0;0;69;0;4 Релакс комната.txt;0;0;0;0
16.06.2021 13:12:17:244;233;0;0;0;56;0;4 Релакс комната.txt;0;0;0;0
16.06.2021 13:12:19:279;234;0;0;0;44;0;4 Релакс комната.txt;0;0;0;0
16.06.2021 13:12:26:248;235;0;0;0;56;0;4 Релакс комната.txt;0;0;0;0
16.06.2021 13:12:31:183;236;0;0;0;74;0;4 Релакс комната.txt;0;0;0;0
16.06.2021 13:12:33:208;237;0;0;0;83;0;4 Релакс комната.txt;0;0;0;0
16.06.2021 13:12:36:175;238;0;0;0;48;0;4 Релакс комната.txt;0;0;0;0
16.06.2021 13:12:37:202;239;0;0;0;54;0;4 Релакс комната.txt;0;0;0;0
16.06.2021 13:12:42:126;240;0;0;0;83;0;4 Релакс комната.txt;0;0;0;0
16.06.2021 13:12:44:164;241;0;0;0;83;0;4 Релакс комната.txt;0;0;0;0
16.06.2021 13:12:47:135;242;0;0;0;67;0;4 Релакс комната.txt;0;0;0;0
16.06.2021 13:12:50:112;243;0;0;0;43;0;4 Релакс комната.txt;0;0;0;0
16.06.2021 13:12:56:73;244;0;0;0;70;0;4 Релакс комната.txt;0;0;0;0
16.06.2021 13:12:58:96;245;0;0;0;37;0;4 Релакс комната.txt;0;0;0;0
16.06.2021 13:13:02:87;246;0;0;0;67;0;4 Релакс комната.txt;0;0;0;0
16.06.2021 13:13:04:43;247;0;0;0;57;0;4 Релакс комната.txt;0;0;0;0
16.06.2021 13:13:05:58;248;0;0;0;61;0;4 Релакс комната.txt;0;0;0;0
16.06.2021 13:13:12:17;249;0;0;0;74;0;4 Релакс комната.txt;0;0;0;0
16.06.2021 13:13:16:13;250;0;0;0;56;0;4 Релакс комната.txt;0;0;0;0
16.06.2021 13:13:20:953;251;0;0;0;30;0;4 Релакс комната.txt;0;0;0;0
16.06.2021 13:13:22:984;252;0;0;0;47;0;4 Релакс комната.txt;0;0;0;0
16.06.2021 13:13:26:967;253;0;0;0;60;0;4 Релакс комната.txt;0;0;0;0
16.06.2021 13:13:27:918;254;0;0;0;53;0;4 Релакс комната.txt;0;0;0;0
16.06.2021 13:13:29:944;255;0;0;0;54;0;4 Релакс комната.txt;0;0;0;0
16.06.2021 13:13:34:953;256;0;0;0;75;0;4 Релакс комната.txt;0;0;0;0
16.06.2021 13:13:36:902;257;0;0;0;48;0;4 Релакс комната.txt;0;0;0;0
16.06.2021 13:13:39:878;258;0;0;0;27;0;4 Релакс комната.txt;0;0;0;0
16.06.2021 13:13:40:898;259;0;0;0;41;0;4 Релакс комната.txt;0;0;0;0
16.06.2021 13:13:44:888;260;0;0;0;51;0;4 Релакс комната.txt;0;0;0;0
16.06.2021 13:13:47:864;261;0;0;0;54;0;4 Релакс комната.txt;0;0;0;0
16.06.2021 13:13:52:786;262;0;0;0;38;0;4 Релакс комната.txt;0;0;0;0
16.06.2021 13:13:54:826;263;0;0;0;35;0;4 Релакс комната.txt;0;0;0;0
16.06.2021 13:13:59:748;264;0;0;0;54;0;4 Релакс комната.txt;0;0;0;0
16.06.2021 13:14:01:791;265;0;0;0;53;0;4 Релакс комната.txt;0;0;0;0
16.06.2021 13:14:08:752;266;0;0;0;70;0;4 Релакс комната.txt;0;0;0;0
16.06.2021 13:14:19:710;267;0;0;0;57;0;4 Релакс комната.txt;0;0;0;0
16.06.2021 13:14:24:718;268;0;0;0;87;0;4 Релакс комната.txt;0;0;0;0
16.06.2021 13:14:26:668;269;0;0;0;75;0;4 Релакс комната.txt;0;0;0;0
16.06.2021 13:14:29:641;270;0;0;0;40;0;4 Релакс комната.txt;0;0;0;0
16.06.2021 13:14:30:665;271;0;0;0;48;0;4 Релакс комната.txt;0;0;0;0
16.06.2021 13:14:31:682;272;0;0;0;38;0;4 Релакс комната.txt;0;0;0;0
16.06.2021 13:14:33:633;273;0;0;0;34;0;4 Релакс комната.txt;0;0;0;0
16.06.2021 13:14:34:657;274;0;0;0;24;0;4 Релакс комната.txt;0;0;0;0
16.06.2021 13:14:35:589;275;0;0;0;30;0;4 Релакс комната.txt;0;0;0;0
16.06.2021 13:14:40:600;276;0;0;0;44;0;4 Релакс комната.txt;0;0;0;0
16.06.2021 13:14:51:566;277;0;0;0;30;0;4 Релакс комната.txt;0;0;0;0
16.06.2021 13:14:58:521;278;0;0;0;57;0;4 Релакс комната.txt;0;0;0;0
16.06.2021 13:15:04:462;279;0;0;0;61;0;4 Релакс комната.txt;0;0;0;0
16.06.2021 13:15:05:488;280;0;0;0;54;0;4 Релакс комната.txt;0;0;0;0
16.06.2021 13:15:07:437;281;0;0;0;60;0;4 Релакс комната.txt;0;0;0;0
16.06.2021 13:15:10:494;282;0;0;0;66;0;4 Релакс комната.txt;0;0;0;0
16.06.2021 13:15:13:468;283;0;0;0;54;0;4 Релакс комната.txt;0;0;0;0
16.06.2021 13:15:14:489;284;0;0;0;57;0;4 Релакс комната.txt;0;0;0;0
16.06.2021 13:15:16:453;285;0;0;0;61;0;4 Релакс комната.txt;0;0;0;0
16.06.2021 13:15:17:458;286;0;0;0;47;0;4 Релакс комната.txt;0;0;0;0
16.06.2021 13:15:23:402;287;0;0;0;47;0;4 Релакс комната.txt;0;0;0;0
16.06.2021 13:15:26:372;288;0;0;0;51;0;4 Релакс комната.txt;0;0;0;0
16.06.2021 13:15:28:417;289;0;0;0;51;0;4 Релакс комната.txt;0;0;0;0
16.06.2021 13:15:31:383;290;0;0;0;56;0;4 Релакс комната.txt;0;0;0;0
16.06.2021 13:15:32:334;291;0;0;0;64;0;4 Релакс комната.txt;0;0;0;0
16.06.2021 13:15:38:354;292;0;0;0;70;0;4 Релакс комната.txt;0;0;0;0
16.06.2021 13:15:39:288;293;0;0;0;66;0;4 Релакс комната.txt;0;0;0;0
16.06.2021 13:15:42:345;294;0;0;0;50;0;4 Релакс комната.txt;0;0;0;0
16.06.2021 13:15:49:308;295;0;0;0;60;0;4 Релакс комната.txt;0;0;0;0
16.06.2021 13:15:52:278;296;0;0;0;44;0;4 Релакс комната.txt;0;0;0;0
16.06.2021 13:15:55:253;297;0;0;0;54;0;4 Релакс комната.txt;0;0;0;0
16.06.2021 13:16:00:262;298;0;0;0;50;0;4 Релакс комната.txt;0;0;0;0
16.06.2021 13:16:07:228;299;0;0;0;43;0;4 Релакс комната.txt;0;0;0;0
16.06.2021 13:16:11:226;300;0;0;0;50;0;4 Релакс комната.txt;0;0;0;0
16.06.2021 13:16:14:185;301;0;0;0;53;0;4 Релакс комната.txt;0;0;0;0
16.06.2021 13:16:16:145;302;0;0;0;50;0;4 Релакс комната.txt;0;0;0;0
16.06.2021 13:16:23:106;303;0;0;0;41;0;4 Релакс комната.txt;0;0;0;0
16.06.2021 13:16:27:101;304;0;0;0;34;0;4 Релакс комната.txt;0;0;0;0
16.06.2021 13:16:28:118;305;0;0;0;30;0;4 Релакс комната.txt;0;0;0;0
16.06.2021 13:16:30:70;306;0;0;0;50;0;4 Релакс комната.txt;0;0;0;0
16.06.2021 13:16:32:108;307;0;0;0;56;0;4 Релакс комната.txt;0;0;0;0
16.06.2021 13:16:37:42;308;0;0;0;51;0;4 Релакс комната.txt;0;0;0;0
16.06.2021 13:16:40:98;309;0;0;0;43;0;4 Релакс комната.txt;0;0;0;0
16.06.2021 13:16:41:31;310;0;0;0;47;0;4 Релакс комната.txt;0;0;0;0
16.06.2021 13:16:43:68;311;0;0;0;43;0;4 Релакс комната.txt;0;0;0;0
16.06.2021 13:16:50:31;312;0;0;0;66;0;4 Релакс комната.txt;0;0;0;0
16.06.2021 13:17:01:929;313;0;0;0;43;0;4 Релакс комната.txt;0;0;0;0
16.06.2021 13:17:07:949;314;0;0;0;41;0;4 Релакс комната.txt;0;0;0;0
16.06.2021 13:17:10:927;315;0;0;0;35;0;4 Релакс комната.txt;0;0;0;0
16.06.2021 13:17:19:839;316;0;0;0;37;0;4 Релакс комната.txt;0;0;0;0
16.06.2021 13:17:24:853;317;0;0;0;38;0;4 Релакс комната.txt;0;0;0;0
16.06.2021 13:17:26:801;318;0;0;0;44;0;4 Релакс комната.txt;0;0;0;0
16.06.2021 13:17:28:846;319;0;0;0;67;0;4 Релакс комната.txt;0;0;0;0
16.06.2021 13:17:30:807;320;0;0;0;80;0;4 Релакс комната.txt;0;0;0;0
16.06.2021 13:17:35:806;321;0;0;0;48;0;4 Релакс комната.txt;0;0;0;0
16.06.2021 13:17:36:829;322;0;0;0;50;0;4 Релакс комната.txt;0;0;0;0
16.06.2021 13:17:40:816;323;0;0;0;50;0;4 Релакс комната.txt;0;0;0;0
16.06.2021 13:17:43:791;324;0;0;0;56;0;4 Релакс комната.txt;0;0;0;0
16.06.2021 13:17:46:759;325;0;0;0;50;0;4 Релакс комната.txt;0;0;0;0
16.06.2021 13:17:51:707;326;0;0;0;40;0;4 Релакс комната.txt;0;0;0;0
16.06.2021 13:17:53:721;327;0;0;0;30;0;4 Релакс комната.txt;0;0;0;0
16.06.2021 13:18:01:716;328;0;0;0;38;0;4 Релакс комната.txt;0;0;0;0
16.06.2021 13:18:04:681;329;0;0;0;43;0;4 Релакс комната.txt;0;0;0;0
16.06.2021 13:18:05:707;330;0;0;0;54;0;4 Релакс комната.txt;0;0;0;0
16.06.2021 13:18:07:655;331;0;0;0;40;0;4 Релакс комната.txt;0;0;0;0
16.06.2021 13:18:08:674;332;0;0;0;37;0;4 Релакс комната.txt;0;0;0;0
16.06.2021 13:18:11:650;333;0;0;0;30;0;4 Релакс комната.txt;0;0;0;0
16.06.2021 13:18:12:583;334;0;0;0;34;0;4 Релакс комната.txt;0;0;0;0
16.06.2021 13:18:21:587;335;0;0;0;37;0;4 Релакс комната.txt;0;0;0;0
16.06.2021 13:18:24:554;336;0;0;0;27;0;4 Релакс комната.txt;0;0;0;0
16.06.2021 13:18:28:544;337;0;0;0;70;0;4 Релакс комната.txt;0;0;0;0
16.06.2021 13:18:32:539;338;0;0;0;24;0;4 Релакс комната.txt;0;0;0;0
16.06.2021 13:18:33:556;339;0;0;0;20;0;4 Релакс комната.txt;0;0;0;0
16.06.2021 13:18:41:542;340;0;0;0;64;0;4 Релакс комната.txt;0;0;0;0
16.06.2021 13:18:43:496;341;0;0;0;60;0;4 Релакс комната.txt;0;0;0;0
16.06.2021 13:18:44:514;342;0;0;0;43;0;4 Релакс комната.txt;0;0;0;0
16.06.2021 13:18:46:470;343;0;0;0;37;0;4 Релакс комната.txt;0;0;0;0
16.06.2021 13:18:50:455;344;0;0;0;53;0;4 Релакс комната.txt;0;0;0;0
16.06.2021 13:18:55:470;345;0;0;0;51;0;4 Релакс комната.txt;0;0;0;0
16.06.2021 13:18:57:420;346;0;0;0;50;0;4 Релакс комната.txt;0;0;0;0
16.06.2021 13:18:58:445;347;0;0;0;37;0;4 Релакс комната.txt;0;0;0;0
16.06.2021 13:19:04:386;348;0;0;0;29;0;4 Релакс комната.txt;0;0;0;0
16.06.2021 13:19:05:406;349;0;0;0;43;0;4 Релакс комната.txt;0;0;0;0
16.06.2021 13:19:09:398;350;0;0;0;57;0;4 Релакс комната.txt;0;0;0;0
16.06.2021 13:19:15:348;351;0;0;0;67;0;4 Релакс комната.txt;0;0;0;0
16.06.2021 13:19:16:364;352;0;0;0;66;0;4 Релакс комната.txt;0;0;0;0
16.06.2021 13:19:18:318;353;0;0;0;48;0;4 Релакс комната.txt;0;0;0;0
16.06.2021 13:19:19:334;354;0;0;0;29;0;4 Релакс комната.txt;0;0;0;0
16.06.2021 13:19:22:311;355;0;0;0;43;0;4 Релакс комната.txt;0;0;0;0
16.06.2021 13:19:29:272;356;0;0;0;63;0;4 Релакс комната.txt;0;0;0;0
16.06.2021 13:19:36:238;357;0;0;0;47;0;4 Релакс комната.txt;0;0;0;0
16.06.2021 13:19:38:277;358;0;0;0;64;0;4 Релакс комната.txt;0;0;0;0
16.06.2021 13:19:40:227;359;0;0;0;69;0;4 Релакс комната.txt;0;0;0;0
16.06.2021 13:19:41:245;360;0;0;0;54;0;4 Релакс комната.txt;0;0;0;0
16.06.2021 13:19:44:220;361;0;0;0;69;0;4 Релакс комната.txt;0;0;0;0
16.06.2021 13:19:47:192;362;0;0;0;66;0;4 Релакс комната.txt;0;0;0;0
16.06.2021 13:19:50:165;363;0;0;0;50;0;4 Релакс комната.txt;0;0;0;0
16.06.2021 13:19:52:202;364;0;0;0;53;0;4 Релакс комната.txt;0;0;0;0
16.06.2021 13:19:59:163;365;0;0;0;53;0;4 Релакс комната.txt;0;0;0;0
16.06.2021 13:20:02:135;366;0;0;0;77;0;4 Релакс комната.txt;0;0;0;0
16.06.2021 13:20:04:89;367;0;0;0;66;0;4 Релакс комната.txt;0;0;0;0
16.06.2021 13:20:06:131;368;0;0;0;51;0;4 Релакс комната.txt;0;0;0;0
16.06.2021 13:20:11:57;369;0;0;0;61;0;4 Релакс комната.txt;0;0;0;0
16.06.2021 13:20:13:96;370;0;0;0;57;0;4 Релакс комната.txt;0;0;0;0
16.06.2021 13:20:22:12;371;0;0;0;50;0;4 Релакс комната.txt;0;0;0;0
16.06.2021 13:20:24:52;372;0;0;0;51;0;4 Релакс комната.txt;0;0;0;0
16.06.2021 13:20:26:6;373;0;0;0;44;0;4 Релакс комната.txt;0;0;0;0
16.06.2021 13:20:28:978;374;0;0;0;44;0;4 Релакс комната.txt;0;0;0;0
16.06.2021 13:20:32:966;375;0;0;0;13;0;4 Релакс комната.txt;0;0;0;0
16.06.2021 13:20:39:931;376;0;0;0;64;0;4 Релакс комната.txt;0;0;0;0
16.06.2021 13:20:40:955;377;0;0;0;75;0;4 Релакс комната.txt;0;0;0;0
16.06.2021 13:20:41:971;378;0;0;0;64;0;4 Релакс комната.txt;0;0;0;0
16.06.2021 13:20:46:892;379;0;0;0;70;0;5 САН.txt;0;0;0;0
16.06.2021 13:20:48:936;380;0;0;0;69;0;5 САН.txt;0;0;0;0
16.06.2021 13:20:51:903;381;0;0;0;54;0;5 САН.txt;0;0;0;0
16.06.2021 13:20:53:862;382;0;0;0;50;0;5 САН.txt;0;0;0;0
16.06.2021 13:20:55:897;383;0;0;0;41;0;5 САН.txt;0;0;0;0
16.06.2021 13:20:58:866;384;0;0;0;54;0;5 САН.txt;0;0;0;0
16.06.2021 13:21:02:858;385;0;0;0;51;0;5 САН.txt;0;0;0;0
16.06.2021 13:21:06:855;386;0;0;0;57;0;5 САН.txt;0;0;0;0
16.06.2021 13:21:07:790;387;0;0;0;57;0;5 САН.txt;0;0;0;0
16.06.2021 13:21:09:822;388;0;0;0;63;0;5 САН.txt;0;0;0;0
16.06.2021 13:21:13:817;389;0;0;0;51;0;5 САН.txt;0;0;0;0
16.06.2021 13:21:17:811;390;0;0;0;44;0;5 САН.txt;0;0;0;0
16.06.2021 13:21:18:745;391;0;0;0;47;0;5 САН.txt;0;0;0;0
16.06.2021 13:21:20:784;392;0;0;0;63;0;5 САН.txt;0;0;0;0
16.06.2021 13:21:30:719;393;0;0;0;41;0;5 САН.txt;0;0;0;0
16.06.2021 13:21:31:738;394;0;0;0;38;0;5 САН.txt;0;0;0;0
16.06.2021 13:21:32:682;395;0;0;0;54;0;5 САН.txt;0;0;0;0
16.06.2021 13:21:34:709;396;0;0;0;43;0;5 САН.txt;0;0;0;0
16.06.2021 13:21:36:666;397;0;0;0;37;0;5 САН.txt;0;0;0;0
16.06.2021 13:21:38:705;398;0;0;0;53;0;5 САН.txt;0;0;0;0
16.06.2021 13:21:41:671;399;0;0;0;61;0;5 САН.txt;0;0;0;0
16.06.2021 13:21:43:625;400;0;0;0;56;0;5 САН.txt;0;0;0;0
16.06.2021 13:21:45:665;401;0;0;0;53;0;5 САН.txt;0;0;0;0
16.06.2021 13:21:48:640;402;0;0;0;53;0;5 САН.txt;0;0;0;0
16.06.2021 13:21:49:659;403;0;0;0;35;0;5 САН.txt;0;0;0;0
16.06.2021 13:21:52:628;404;0;0;0;44;0;5 САН.txt;0;0;0;0
16.06.2021 13:21:55:604;405;0;0;0;91;0;5 САН.txt;0;0;0;0
16.06.2021 13:21:57:640;406;0;0;0;94;0;5 САН.txt;0;0;0;0
16.06.2021 13:21:59:596;407;0;0;0;100;0;5 САН.txt;0;0;0;0
16.06.2021 13:22:00:614;408;0;0;0;96;0;5 САН.txt;0;0;0;0
16.06.2021 13:22:01:559;409;0;0;0;93;0;5 САН.txt;0;0;0;0
16.06.2021 13:22:06:556;410;0;0;0;53;0;5 САН.txt;0;0;0;0
16.06.2021 13:22:13:520;411;0;0;0;75;0;5 САН.txt;0;0;0;0
16.06.2021 13:22:17:516;412;0;0;0;34;0;5 САН.txt;0;0;0;0
16.06.2021 13:22:24:479;413;0;0;0;64;0;5 САН.txt;0;0;0;0
16.06.2021 13:22:31:444;414;0;0;0;81;0;5 САН.txt;0;0;0;0
16.06.2021 13:22:32:465;415;0;0;0;78;0;5 САН.txt;0;0;0;0
16.06.2021 13:22:36:451;416;0;0;0;61;0;5 САН.txt;0;0;0;0
16.06.2021 13:22:38:406;417;0;0;0;67;0;5 САН.txt;0;0;0;0
16.06.2021 13:22:56:327;418;0;0;0;78;0;5 САН.txt;0;0;0;0
16.06.2021 13:23:03:289;419;0;0;0;94;0;5 САН.txt;0;0;0;0
16.06.2021 13:23:04:308;420;0;0;0;91;0;5 САН.txt;0;0;0;0
16.06.2021 13:23:08:303;421;0;0;0;54;0;5 САН.txt;0;0;0;0
16.06.2021 13:23:15:266;422;0;0;0;87;0;5 САН.txt;0;0;0;0
16.06.2021 13:23:24:179;423;0;0;0;77;0;5 САН.txt;0;0;0;0
16.06.2021 13:23:25:202;424;0;0;0;75;0;5 САН.txt;0;0;0;0
16.06.2021 13:23:26:218;425;0;0;0;84;0;5 САН.txt;0;0;0;0
16.06.2021 13:23:28:170;426;0;0;0;78;0;5 САН.txt;0;0;0;0
16.06.2021 13:23:33:183;427;0;0;0;66;0;5 САН.txt;0;0;0;0
16.06.2021 13:23:35:139;428;0;0;0;67;0;5 САН.txt;0;0;0;0
16.06.2021 13:23:36:154;429;0;0;0;60;0;5 САН.txt;0;0;0;0
16.06.2021 13:23:38:111;430;0;0;0;57;0;5 САН.txt;0;0;0;0
16.06.2021 13:23:40:148;431;0;0;0;75;0;5 САН.txt;0;0;0;0
16.06.2021 13:23:46:93;432;0;0;0;51;0;5 САН.txt;0;0;0;0
16.06.2021 13:23:47:115;433;0;0;0;47;0;5 САН.txt;0;0;0;0
16.06.2021 13:23:49:70;434;0;0;0;57;0;5 САН.txt;0;0;0;0
16.06.2021 13:23:50:79;435;0;0;0;57;0;5 САН.txt;0;0;0;0
16.06.2021 13:23:53:59;436;0;0;0;64;0;5 САН.txt;0;0;0;0
16.06.2021 13:24:00:24;437;0;0;0;80;0;5 САН.txt;0;0;0;0
16.06.2021 13:24:01:41;438;0;0;0;77;0;5 САН.txt;0;0;0;0
16.06.2021 13:24:06:984;439;0;0;0;64;0;5 САН.txt;0;0;0;0
16.06.2021 13:24:08:6;440;0;0;0;75;0;5 САН.txt;0;0;0;0
16.06.2021 13:24:09:958;441;0;0;0;66;0;5 САН.txt;0;0;0;0
16.06.2021 13:24:11:997;442;0;0;0;56;0;5 САН.txt;0;0;0;0
16.06.2021 13:24:14:971;443;0;0;0;77;0;5 САН.txt;0;0;0;0
16.06.2021 13:24:18:961;444;0;0;0;70;0;5 САН.txt;0;0;0;0
16.06.2021 13:24:20:916;445;0;0;0;69;0;5 САН.txt;0;0;0;0
